ILCE_NO,ILCE_ADI
1,ALADA–
2,CEYHAN
3,«UKUROVA
4,FEKE
5,›MAMO–LU
6,KARA›SALI
7,KARATAﬁ
8,KOZAN
9,POZANTI
10,SA›MBEYL›
11,SARI«AM
12,SEYHAN
13,TUFANBEYL›
14,YUMURTALIK
15,Y‹RE–›R
16,BESN›
17,«EL›KHAN
18,GERGER
19,G÷LBAﬁI
20,KAHTA
21,SAMSAT
22,S›NC›K
23,TUT
24,BAﬁMAK«I
25,BAYAT
26,BOLVAD›N
27,«AY
28,«OBANLAR
29,DAZKIRI
30,D›NAR
31,EM›RDA–
32,EVC›LER
33,HOCALAR
34,›HSAN›YE
35,›SCEH›SAR
36,KIZIL÷REN
37,SANDIKLI
38,S›NANPAﬁA
39,SULTANDA–I
40,ﬁUHUT
41,D›YAD›N
42,DO–UBAYAZIT
43,ELEﬁK›RT
44,HAMUR
45,PATNOS
46,TAﬁLI«AY
47,TUTAK
48,G÷YN‹CEK
49,G‹M‹ﬁHACIK÷Y
50,HAMAM÷Z‹
51,MERZ›FON
52,SULUOVA
53,TAﬁOVA
54,AKYURT
55,ALTINDA–
56,AYAﬁ
57,BALA
58,BEYPAZARI
59,«AMLIDERE
60,«ANKAYA
61,«UBUK
62,ELMADA–
63,ET›MESGUT
64,EVREN
65,G÷LBAﬁI
66,G‹D‹L
67,HAYMANA
68,KAHRAMANKAZAN
69,KALEC›K
70,KE«›÷REN
71,KIZILCAHAMAM
72,MAMAK
73,NALLIHAN
74,POLATLI
75,PURSAKLAR
76,S›NCAN
77,ﬁEREFL›KO«H›SAR
78,YEN›MAHALLE
79,AKSEK›
80,AKSU
81,ALANYA
82,DEMRE
83,D÷ﬁEMEALTI
84,ELMALI
85,F›N›KE
86,GAZ›PAﬁA
87,G‹NDO–MUﬁ
88,›BRADI
89,KAﬁ
90,KEMER
91,KEPEZ
92,KONYAALTI
93,KORKUTEL›
94,KUMLUCA
95,MANAVGAT
96,MURATPAﬁA
97,SER›K
98,ARDANU«
99,ARHAV›
100,BOR«KA
101,HOPA
102,KEMALPAﬁA
103,MURGUL
104,ﬁAVﬁAT
105,YUSUFEL›
106,BOZDO–AN
107,BUHARKENT
108,«›NE
109,D›D›M
110,EFELER
111,GERMENC›K
112,›NC›RL›OVA
113,KARACASU
114,KARPUZLU
115,KO«ARLI
116,K÷ﬁK
117,KUﬁADASI
118,KUYUCAK
119,NAZ›LL›
120,S÷KE
121,SULTANH›SAR
122,YEN›PAZAR
123,ALTIEYL‹L
124,AYVALIK
125,BALYA
126,BANDIRMA
127,B›GAD›«
128,BURHAN›YE
129,DURSUNBEY
130,EDREM›T
131,ERDEK
132,G÷ME«
133,G÷NEN
134,HAVRAN
135,›VR›ND›
136,KARES›
137,KEPSUT
138,MANYAS
139,MARMARA
140,SAVAﬁTEPE
141,SINDIRGI
142,SUSURLUK
143,BOZ‹Y‹K
144,G÷LPAZARI
145,›NH›SAR
146,OSMANEL›
147,PAZARYER›
148,S÷–‹T
149,YEN›PAZAR
150,ADAKLI
151,GEN«
152,KARLIOVA
153,K›–I
154,SOLHAN
155,YAYLADERE
156,YED›SU
157,AD›LCEVAZ
158,AHLAT
159,G‹ROYMAK
160,H›ZAN
161,MUTK›
162,TATVAN
163,D÷RTD›VAN
164,GEREDE
165,G÷YN‹K
166,KIBRISCIK
167,MENGEN
168,MUDURNU
169,SEBEN
170,YEN›«A–A
171,A–LASUN
172,ALTINYAYLA
173,BUCAK
174,«AVDIR
175,«ELT›K«›
176,G÷LH›SAR
177,KARAMANLI
178,KEMER
179,TEFENN›
180,YEﬁ›LOVA
181,B‹Y‹KORHAN
182,GEML›K
183,G‹RSU
184,HARMANCIK
185,›NEG÷L
186,›ZN›K
187,KARACABEY
188,KELES
189,KESTEL
190,MUDANYA
191,MUSTAFAKEMALPAﬁA
192,N›L‹FER
193,ORHANEL›
194,ORHANGAZ›
195,OSMANGAZ›
196,YEN›ﬁEH›R
197,YILDIRIM
198,AYVACIK
199,BAYRAM›«
200,B›GA
201,BOZCAADA
202,«AN
203,ECEABAT
204,EZ›NE
205,GEL›BOLU
206,G÷K«EADA
207,LAPSEK›
208,YEN›CE
209,ATKARACALAR
210,BAYRAM÷REN
211,«ERKEﬁ
212,ELD›VAN
213,ILGAZ
214,KIZILIRMAK
215,KORGUN
216,KURﬁUNLU
217,ORTA
218,ﬁABAN÷Z‹
219,YAPRAKLI
220,ALACA
221,BAYAT
222,BO–AZKALE
223,DODURGA
224,›SK›L›P
225,KARGI
226,LA«›N
227,MEC›T÷Z‹
228,O–UZLAR
229,ORTAK÷Y
230,OSMANCIK
231,SUNGURLU
232,U–URLUDA–
233,ACIPAYAM
234,BABADA–
235,BAKLAN
236,BEK›LL›
237,BEYA–A«
238,BOZKURT
239,BULDAN
240,«AL
241,«AMEL›
242,«ARDAK
243,«›VR›L
244,G‹NEY
245,HONAZ
246,KALE
247,MERKEZEFEND›
248,PAMUKKALE
249,SARAYK÷Y
250,SER›NH›SAR
251,TAVAS
252,BA–LAR
253,B›SM›L
254,«ERM›K
255,«INAR
256,«‹NG‹ﬁ
257,D›CLE
258,E–›L
259,ERGAN›
260,HAN›
261,HAZRO
262,KAYAPINAR
263,KOCAK÷Y
264,KULP
265,L›CE
266,S›LVAN
267,SUR
268,YEN›ﬁEH›R
269,ENEZ
270,HAVSA
271,›PSALA
272,KEﬁAN
273,LALAPAﬁA
274,MER›«
275,S‹LO–LU
276,UZUNK÷PR‹
277,A–IN
278,ALACAKAYA
279,ARICAK
280,BASK›L
281,KARAKO«AN
282,KEBAN
283,KOVANCILAR
284,MADEN
285,PALU
286,S›VR›CE
287,«AYIRLI
288,›L›«
289,KEMAH
290,KEMAL›YE
291,OTLUKBEL›
292,REFAH›YE
293,TERCAN
294,‹Z‹ML‹
295,AﬁKALE
296,AZ›Z›YE
297,«AT
298,HINIS
299,HORASAN
300,›SP›R
301,KARA«OBAN
302,KARAYAZI
303,K÷PR‹K÷Y
304,NARMAN
305,OLTU
306,OLUR
307,PALAND÷KEN
308,PAS›NLER
309,PAZARYOLU
310,ﬁENKAYA
311,TEKMAN
312,TORTUM
313,UZUNDERE
314,YAKUT›YE
315,ALPU
316,BEYL›KOVA
317,«›FTELER
318,G‹NY‹Z‹
319,HAN
320,›N÷N‹
321,MAHMUD›YE
322,M›HALGAZ›
323,M›HALI««IK
324,ODUNPAZARI
325,SARICAKAYA
326,SEY›TGAZ›
327,S›VR›H›SAR
328,TEPEBAﬁI
329,ARABAN
330,›SLAH›YE
331,KARKAMIﬁ
332,N›Z›P
333,NURDA–I
334,O–UZEL›
335,ﬁAH›NBEY
336,ﬁEH›TKAM›L
337,YAVUZEL›
338,ALUCRA
339,BULANCAK
340,«AMOLUK
341,«ANAK«I
342,DEREL›
343,DO–ANKENT
344,ESP›YE
345,EYNES›L
346,G÷RELE
347,G‹CE
348,KEﬁAP
349,P›RAZ›Z
350,ﬁEB›NKARAH›SAR
351,T›REBOLU
352,YA–LIDERE
353,KELK›T
354,K÷SE
355,K‹RT‹N
356,ﬁ›RAN
357,TORUL
358,«UKURCA
359,DEREC›K
360,ﬁEMD›NL›
361,Y‹KSEKOVA
362,ALTIN÷Z‹
363,ANTAKYA
364,ARSUZ
365,BELEN
366,DEFNE
367,D÷RTYOL
368,ERZ›N
369,HASSA
370,›SKENDERUN
371,KIRIKHAN
372,KUMLU
373,PAYAS
374,REYHANLI
375,SAMANDA–
376,YAYLADA–I
377,AKSU
378,ATABEY
379,E–›RD›R
380,GELENDOST
381,G÷NEN
382,KE«›BORLU
383,SEN›RKENT
384,S‹T«‹LER
385,ﬁARK›KARAA–A«
386,ULUBORLU
387,YALVA«
388,YEN›ﬁARBADEML›
389,AKDEN›Z
390,ANAMUR
391,AYDINCIK
392,BOZYAZI
393,«AMLIYAYLA
394,ERDEML›
395,G‹LNAR
396,MEZ›TL›
397,MUT
398,S›L›FKE
399,TARSUS
400,TOROSLAR
401,YEN›ﬁEH›R
402,ADALAR
403,ARNAVUTK÷Y
404,ATAﬁEH›R
405,AVCILAR
406,BA–CILAR
407,BAH«EL›EVLER
408,BAKIRK÷Y
409,BAﬁAKﬁEH›R
410,BAYRAMPAﬁA
411,BEﬁ›KTAﬁ
412,BEYKOZ
413,BEYL›KD‹Z‹
414,BEYO–LU
415,B‹Y‹K«EKMECE
416,«ATALCA
417,«EKMEK÷Y
418,ESENLER
419,ESENYURT
420,EY‹PSULTAN
421,FAT›H
422,GAZ›OSMANPAﬁA
423,G‹NG÷REN
424,KADIK÷Y
425,KA–ITHANE
426,KARTAL
427,K‹«‹K«EKMECE
428,MALTEPE
429,PEND›K
430,SANCAKTEPE
431,SARIYER
432,S›L›VR›
433,SULTANBEYL›
434,SULTANGAZ›
435,ﬁ›LE
436,ﬁ›ﬁL›
437,TUZLA
438,‹MRAN›YE
439,‹SK‹DAR
440,ZEYT›NBURNU
441,AL›A–A
442,BAL«OVA
443,BAYINDIR
444,BAYRAKLI
445,BERGAMA
446,BEYDA–
447,BORNOVA
448,BUCA
449,«EﬁME
450,«›–L›
451,D›K›L›
452,FO«A
453,GAZ›EM›R
454,G‹ZELBAH«E
455,KARABA–LAR
456,KARABURUN
457,KARﬁIYAKA
458,KEMALPAﬁA
459,KINIK
460,K›RAZ
461,KONAK
462,MENDERES
463,MENEMEN
464,NARLIDERE
465,÷DEM›ﬁ
466,SEFER›H›SAR
467,SEL«UK
468,T›RE
469,TORBALI
470,URLA
471,AKYAKA
472,ARPA«AY
473,D›GOR
474,KA–IZMAN
475,SARIKAMIﬁ
476,SEL›M
477,SUSUZ
478,ABANA
479,A–LI
480,ARA«
481,AZDAVAY
482,BOZKURT
483,C›DE
484,«ATALZEYT›N
485,DADAY
486,DEVREKAN›
487,DO–ANYURT
488,HAN÷N‹
489,›HSANGAZ›
490,›NEBOLU
491,K‹RE
492,PINARBAﬁI
493,SEYD›LER
494,ﬁENPAZAR
495,TAﬁK÷PR‹
496,TOSYA
497,AKKIﬁLA
498,B‹NYAN
499,DEVEL›
500,FELAH›YE
501,HACILAR
502,›NCESU
503,KOCAS›NAN
504,MEL›KGAZ›
505,÷ZVATAN
506,PINARBAﬁI
507,SARIO–LAN
508,SARIZ
509,TALAS
510,TOMARZA
511,YAHYALI
512,YEﬁ›LH›SAR
513,BABAESK›
514,DEM›RK÷Y
515,KOF«AZ
516,L‹LEBURGAZ
517,PEHL›VANK÷Y
518,PINARH›SAR
519,V›ZE
520,AK«AKENT
521,AKPINAR
522,BOZTEPE
523,«›«EKDA–I
524,KAMAN
525,MUCUR
526,BAﬁ›SKELE
527,«AYIROVA
528,DARICA
529,DER›NCE
530,D›LOVASI
531,GEBZE
532,G÷LC‹K
533,›ZM›T
534,KANDIRA
535,KARAM‹RSEL
536,KARTEPE
537,K÷RFEZ
538,AHIRLI
539,AK÷REN
540,AKﬁEH›R
541,ALTINEK›N
542,BEYﬁEH›R
543,BOZKIR
544,C›HANBEYL›
545,«ELT›K
546,«UMRA
547,DERBENT
548,DEREBUCAK
549,DO–ANH›SAR
550,EM›RGAZ›
551,ERE–L›
552,G‹NEYSINIR
553,HAD›M
554,HALKAPINAR
555,H‹Y‹K
556,ILGIN
557,KADINHANI
558,KARAPINAR
559,KARATAY
560,KULU
561,MERAM
562,SARAY÷N‹
563,SEL«UKLU
564,SEYD›ﬁEH›R
565,TAﬁKENT
566,TUZLUK«U
567,YALIH‹Y‹K
568,YUNAK
569,ALTINTAﬁ
570,ASLANAPA
571,«AVDARH›SAR
572,DOMAN›«
573,DUMLUPINAR
574,EMET
575,GED›Z
576,H›SARCIK
577,PAZARLAR
578,S›MAV
579,ﬁAPHANE
580,TAVﬁANLI
581,AK«ADA–
582,ARAPG›R
583,ARGUVAN
584,BATTALGAZ›
585,DARENDE
586,DO–ANﬁEH›R
587,DO–ANYOL
588,HEK›MHAN
589,KALE
590,KULUNCAK
591,P‹T‹RGE
592,YAZIHAN
593,YEﬁ›LYURT
594,AHMETL›
595,AKH›SAR
596,ALAﬁEH›R
597,DEM›RC›
598,G÷LMARMARA
599,G÷RDES
600,KIRKA–A«
601,K÷PR‹BAﬁI
602,KULA
603,SAL›HL›
604,SARIG÷L
605,SARUHANLI
606,SELEND›
607,SOMA
608,ﬁEHZADELER
609,TURGUTLU
610,YUNUSEMRE
611,AFﬁ›N
612,ANDIRIN
613,«A–LAYANCER›T
614,DULKAD›RO–LU
615,EK›N÷Z‹
616,ELB›STAN
617,G÷KSUN
618,NURHAK
619,ON›K›ﬁUBAT
620,PAZARCIK
621,T‹RKO–LU
622,ARTUKLU
623,DARGE«›T
624,DER›K
625,KIZILTEPE
626,MAZIDA–I
627,M›DYAT
628,NUSAYB›N
629,÷MERL›
630,SAVUR
631,YEﬁ›LL›
632,BODRUM
633,DALAMAN
634,DAT«A
635,FETH›YE
636,KAVAKLIDERE
637,K÷YCE–›Z
638,MARMAR›S
639,MENTEﬁE
640,M›LAS
641,ORTACA
642,SEYD›KEMER
643,ULA
644,YATA–AN
645,BULANIK
646,HASK÷Y
647,KORKUT
648,MALAZG›RT
649,VARTO
650,ACIG÷L
651,AVANOS
652,DER›NKUYU
653,G‹LﬁEH›R
654,HACIBEKTAﬁ
655,KOZAKLI
656,‹RG‹P
657,ALTUNH›SAR
658,BOR
659,«AMARDI
660,«›FTL›K
661,ULUKIﬁLA
662,AKKUﬁ
663,ALTINORDU
664,AYBASTI
665,«AMAﬁ
666,«ATALPINAR
667,«AYBAﬁI
668,FATSA
669,G÷LK÷Y
670,G‹LYALI
671,G‹RGENTEPE
672,›K›ZCE
673,KABAD‹Z
674,KABATAﬁ
675,KORGAN
676,KUMRU
677,MESUD›YE
678,PERﬁEMBE
679,ULUBEY
680,‹NYE
681,ARDEﬁEN
682,«AMLIHEMﬁ›N
683,«AYEL›
684,DEREPAZARI
685,FINDIKLI
686,G‹NEYSU
687,HEMﬁ›N
688,›K›ZDERE
689,›Y›DERE
690,KALKANDERE
691,PAZAR
692,ADAPAZARI
693,AKYAZI
694,AR›F›YE
695,ERENLER
696,FER›ZL›
697,GEYVE
698,HENDEK
699,KARAP‹R«EK
700,KARASU
701,KAYNARCA
702,KOCAAL›
703,PAMUKOVA
704,SAPANCA
705,SERD›VAN
706,S÷–‹TL‹
707,TARAKLI
708,19.05.2025
709,ALA«AM
710,ASARCIK
711,ATAKUM
712,AYVACIK
713,BAFRA
714,CAN›K
715,«ARﬁAMBA
716,HAVZA
717,›LKADIM
718,KAVAK
719,LAD›K
720,SALIPAZARI
721,TEKKEK÷Y
722,TERME
723,VEZ›RK÷PR‹
724,YAKAKENT
725,BAYKAN
726,ERUH
727,KURTALAN
728,PERVAR›
729,ﬁ›RVAN
730,T›LLO
731,AYANCIK
732,BOYABAT
733,D›KMEN
734,DURA–AN
735,ERFELEK
736,GERZE
737,SARAYD‹Z‹
738,T‹RKEL›
739,AKINCILAR
740,ALTINYAYLA
741,D›VR›–›
742,DO–ANﬁAR
743,GEMEREK
744,G÷LOVA
745,G‹R‹N
746,HAF›K
747,›MRANLI
748,KANGAL
749,KOYULH›SAR
750,SUﬁEHR›
751,ﬁARKIﬁLA
752,ULAﬁ
753,YILDIZEL›
754,ZARA
755,«ERKEZK÷Y
756,«ORLU
757,ERGENE
758,HAYRABOLU
759,KAPAKLI
760,MALKARA
761,MARMARAERE–L›S›
762,MURATLI
763,SARAY
764,S‹LEYMANPAﬁA
765,ﬁARK÷Y
766,ALMUS
767,ARTOVA
768,BAﬁ«›FTL›K
769,ERBAA
770,N›KSAR
771,PAZAR
772,REﬁAD›YE
773,SULUSARAY
774,TURHAL
775,YEﬁ›LYURT
776,Z›LE
777,AK«AABAT
778,ARAKLI
779,ARS›N
780,BEﬁ›KD‹Z‹
781,«ARﬁIBAﬁI
782,«AYKARA
783,DERNEKPAZARI
784,D‹ZK÷Y
785,HAYRAT
786,K÷PR‹BAﬁI
787,MA«KA
788,OF
789,ORTAH›SAR
790,S‹RMENE
791,ﬁALPAZARI
792,TONYA
793,VAKFIKEB›R
794,YOMRA
795,«EM›ﬁGEZEK
796,HOZAT
797,MAZG›RT
798,NAZIM›YE
799,OVACIK
800,PERTEK
801,P‹L‹M‹R
802,AK«AKALE
803,B›REC›K
804,BOZOVA
805,CEYLANPINAR
806,EYY‹B›YE
807,HALFET›
808,HAL›L›YE
809,HARRAN
810,H›LVAN
811,KARAK÷PR‹
812,S›VEREK
813,SURU«
814,V›RANﬁEH›R
815,BANAZ
816,EﬁME
817,KARAHALLI
818,S›VASLI
819,ULUBEY
820,BAH«ESARAY
821,BAﬁKALE
822,«ALDIRAN
823,«ATAK
824,EDREM›T
825,ERC›ﬁ
826,GEVAﬁ
827,G‹RPINAR
828,›PEKYOLU
829,MURAD›YE
830,÷ZALP
831,SARAY
832,TUﬁBA
833,AKDA–MADEN›
834,AYDINCIK
835,BO–AZLIYAN
836,«ANDIR
837,«AYIRALAN
838,«EKEREK
839,KADIﬁEHR›
840,SARAYKENT
841,SARIKAYA
842,SORGUN
843,ﬁEFAATL›
844,YEN›FAKILI
845,YERK÷Y
846,ALAPLI
847,«AYCUMA
848,DEVREK
849,ERE–L›
850,G÷K«EBEY
851,K›L›ML›
852,KOZLU
853,A–A«÷REN
854,ESK›L
855,G‹LA–A«
856,G‹ZELYURT
857,ORTAK÷Y
858,SARIYAHﬁ›
859,SULTANHANI
860,AYDINTEPE
861,DEM›R÷Z‹
862,AYRANCI
863,BAﬁYAYLA
864,ERMENEK
865,KAZIMKARABEK›R
866,SARIVEL›LER
867,BAHﬁILI
868,BALIﬁEYH
869,«ELEB›
870,DEL›CE
871,KARAKE«›L›
872,KESK›N
873,SULAKYURT
874,YAHﬁ›HAN
875,BEﬁ›R›
876,GERC‹ﬁ
877,HASANKEYF
878,KOZLUK
879,SASON
880,BEYT‹ﬁﬁEBAP
881,C›ZRE
882,G‹«L‹KONAK
883,›D›L
884,S›LOP›
885,ULUDERE
886,AMASRA
887,KURUCAﬁ›LE
888,ULUS
889,«ILDIR
890,DAMAL
891,G÷LE
892,HANAK
893,POSOF
894,ARALIK
895,KARAKOYUNLU
896,TUZLUCA
897,ALTINOVA
898,ARMUTLU
899,«INARCIK
900,«›FTL›KK÷Y
901,TERMAL
902,EFLAN›
903,ESK›PAZAR
904,OVACIK
905,SAFRANBOLU
906,YEN›CE
907,ELBEYL›
908,MUSABEYL›
909,POLATEL›
910,BAH«E
911,D‹Z›«›
912,HASANBEYL›
913,KAD›RL›
914,SUMBAS
915,TOPRAKKALE
916,AK«AKOCA
917,CUMAYER›
918,«›L›ML›
919,G÷LYAKA
920,G‹M‹ﬁOVA
921,KAYNAﬁLI
922,YI–ILCA
923,›LMERKEZ›
924,BESN›-«AKIRH‹Y‹K
925,BESN›-KESMETEPE
926,BESN›-K÷SECEL›
927,BESN›-ﬁAMBAYAT
928,«EL›KHAN-PINARBAﬁI
929,G÷LBAﬁI-BALKAR
930,G÷LBAﬁI-BEL÷REN
931,G÷LBAﬁI-HARMANLI
932,KAHTA -> AKINCILAR
933,KAHTA -> B÷L‹KYAYLA
934,MERKEZ -> K÷M‹R
935,MERKEZ -> YAYLAKONAK
936,S›NC›K -> ›NL›CE
937,BESN›-SUVARLI
938,AFYONKARAH›SAR
939,BOLVAD›N-D›ﬁL›
940,BOLVAD›N-÷ZBURUN
941,«AY-KARAM›KKARACA÷REN
942,«AY-PAZARA–A«
943,«OBANLAR-KOCA÷Z
944,D›NAR-HAYDARLI
945,D›NAR-TATARLI
946,EM›RDA–-DAVULGA
947,›HSAN›YE-D÷–ER
948,›HSAN›YE-GAZLIG÷L
949,›HSAN›YE- KAYIHAN
950,›HSAN›YE-YAYLABA–I
951,›SCEH›SAR-SEYD›LER
952,MERKEZ-BEYYAZI
953,MERKEZ-«AYIRBA–
954,MERKEZ-«IKRIK
955,MERKEZ-DE–›RMENAYVALI
956,MERKEZ-ERKMEN
957,MERKEZ-FETH›BEY
958,MERKEZ-GEBECELER
959,MERKEZ-IﬁIKLAR
960,MERKEZ-KOCATEPE
961,MERKEZ-NUR›BEY
962,MERKEZ-SALAR
963,MERKEZ-SUSUZ
964,MERKEZ-S‹L‹MENL›
965,MERKEZ-S‹L‹N
966,SANDIKLI-AKHARIM
967,S›NANPAﬁA-AHMETPAﬁA
968,S›NANPAﬁA-AK÷REN
969,S›NANPAﬁA-D‹ZA–A«
970,S›NANPAﬁA-G‹NEY
971,S›NANPAﬁA-KILI«ARSLAN
972,S›NANPAﬁA-KIRKA
973,S›NANPAﬁA-K‹«‹KH‹Y‹K
974,S›NANPAﬁA-SERBAN
975,S›NANPAﬁA-TAﬁOLUK
976,S›NANPAﬁA-TINAZTEPE
977,SULTANDA–I-DERE«›NE
978,SULTANDA–I-YEﬁ›L«›FTL›K
979,ﬁUHUT-KARAAD›LL›
980,EM›RDA–-G÷M‹
981,A–RI-›L MERKEZ›
982,ELEﬁK›RT-TAH›R
983,ELEﬁK›RT-YAYLAD‹Z‹
984,ELEﬁK›RT-Y‹CEKAPI
985,PATNOS-DEDEL›
986,AKSARAY-›L MERKEZ›
987,AKSARAY-›L MERKEZ›
988,ESK›L-EﬁMEKAYA
989,G‹LA–A«-DEM›RC›
990,G‹LA–A«-G‹LPINAR
991,G‹LA–A«-SARATLI
992,G‹ZELYURT-IHLARA
993,G‹ZELYURT-SEL›ME
994,MERKEZ-BA–LIKAYA
995,MERKEZ-HELVADERE
996,MERKEZ-SA–LIK
997,MERKEZ-TAﬁPINAR
998,MERKEZ-TOPAKKAYA
999,MERKEZ-YEN›KENT
1000,MERKEZ-YEﬁ›LOVA
1001,MERKEZ-YEﬁ›LTEPE
1002,AMASYA-›L MERKEZ›
1003,MERKEZ-Z›YARET
1004,ARDAHAN-›L MERKEZ›
1005,G÷LE-K÷PR‹L‹
1006,ARTV›N-›L MERKEZ›
1007,BARTIN-›L MERKEZ›
1008,MERKEZ-HASANKADI
1009,MERKEZ-KOZCA–IZ
1010,ULUS-APD›PAﬁA
1011,ULUS-KUMLUCA
1012,BATMAN-›L MERKEZ›
1013,BEﬁ›R›-›K›K÷PR‹
1014,GERC‹ﬁ-KAYAPINAR
1015,KOZLUK-BEK›RHAN
1016,MERKEZ-BALPINAR
1017,SASON-Y‹CEBA–
1018,BAYBURT-›LMERKEZ›
1019,DEM›R÷Z‹-G÷K«EDERE
1020,MERKEZ-ARPALI
1021,B›LEC›K-›LMERKEZ›
1022,BOZH‹Y‹K-DODURGA
1023,MERKEZ-BAYIRK÷Y
1024,MERKEZ-VEZ›RHAN
1025,B›NG÷L-›L MERKEZ›
1026,MERKEZ
1027,MERKEZ-ILICALAR
1028,MERKEZ-SANCAK
1029,SOLHAN-ARAKONAK
1030,AD›LCEVAZ-AYDINLAR
1031,AHLAT-OVAKIﬁLA
1032,B›TL›S-›L MERKEZ›
1033,G‹ROYMAK-G÷LBAﬁI
1034,G‹ROYMAK-G‹NKIRI
1035,MERKEZ-YOLALAN
1036,MUTK›-KAVAKBAﬁI
1037,BOLU-›L MERKEZ›
1038,MENGEN-G÷K«ESU
1039,MERKEZ-KARACASU
1040,MUDURNU-TAﬁKEST›
1041,BUCAK-KIZILKAYA
1042,BUCAK-KOCAAL›LER
1043,BURDUR-›L MERKEZ›
1044,«AVDIR-S÷–‹T
1045,G÷LH›SAR-YUSUF«A
1046,AYVACIK-K‹«‹KKUYU
1047,B›GA-G‹M‹ﬁ«AY
1048,B›GA-KARAB›GA
1049,«AN-TERZ›ALAN
1050,GEL›BOLU-EVREﬁE
1051,GEL›BOLU-KAVAKK÷Y
1052,LAPSEK›-«ARDAK
1053,MERKEZ-KEPEZ
1054,YEN›CE-KALKIM
1055,«ANAKKALE-›L MERKEZ›
1056,EZ›NE-GEY›KL›
1057,LAPSEK›-UMURBEY
1058,ATKARACALAR-«ARDAKLI
1059,«ANKIRI-›L MERKEZ›
1060,«ERKEﬁ-SA«AK
1061,ORTA-DODURGA
1062,ORTA-YAYLAKENT
1063,«ORUM-›L MERKEZ›
1064,MERKEZ-D‹VENC›
1065,ORTAK÷Y-AﬁTAVUL
1066,HAKKAR› ›L MERKEZ›
1067,MERKEZ DURANKAYA
1068,Y‹KSEKOVA B‹Y‹K«›FTL›K
1069,Y‹KSEKOVA ESENDERE
1070,I–DIR ›L MERKEZ›
1071,MERKEZ HALFEL›
1072,MERKEZ HOﬁHABER
1073,MERKEZ MELEKL›
1074,E–›RD›R SARI›DR›S
1075,G÷NEN G‹NEYKENT
1076,›SPARTA ›L MERKEZ›
1077,KE«›BORLU SEN›R
1078,MERKEZ KULE÷N‹
1079,MERKEZ SAVK÷Y
1080,SEN›RKENT B‹Y‹KKABACA
1081,ﬁARK›KARA–A« «ARIKSARAYLAR
1082,ﬁARK›KARA–A« «›«EKPINAR
1083,YALVA« H‹Y‹KL‹
1084,KARAB‹K ›L MERKEZ›
1085,YEN›CE YORTAN
1086,ERMENEK G‹NEYYURT
1087,ERMENEK KAZANCI
1088,KARAMAN ›L MERKEZ›
1089,MERKEZ AK«AﬁEH›R
1090,MERKEZ SUDURA–I
1091,SARIVEL›LER G÷KTEPE
1092,D›GOR DA–PINAR
1093,KARS ›L MERKEZ›
1094,KASTAMONU ›L MERKEZ›
1095,DEL›CE «ER›KL›
1096,KIRIKKALE ›L MERKEZ›
1097,MERKEZ  HACILAR
1098,BABAESK›  ALPULLU
1099,BABAESK›  B‹Y‹KMANDIRA
1100,BABAESK›  KARAHAL›L
1101,DEM›RK÷Y  ›–NEADA
1102,KIRKLAREL›  ›L MERKEZ›
1103,L‹LEBURGAZ  AHMETBEY
1104,L‹LEBURGAZ  B‹Y‹KKARIﬁTIRAN
1105,L‹LEBURGAZ  EVRENSEK›Z
1106,MERKEZ  ›NECE
1107,MERKEZ  KAVAKLI
1108,MERKEZ  ‹SK‹P
1109,PINARH›SAR  KAYNARCA
1110,V›ZE  «AKILLI
1111,V›ZE  KIYIK÷Y
1112,«›«EKDA–I K÷SEL›
1113,KAMAN KURANCILI
1114,KIRﬁEH›R ›L MERKEZ›
1115,MERKEZ ÷ZBA–
1116,K›L›S ›L MERKEZ›
1117,DOMAN›« «UKURCA
1118,GED›Z ESK›GED›Z
1119,GED›Z G÷KLER
1120,GED›Z YEN›KENT
1121,K‹TAHYA ›L MERKEZ›
1122,MERKEZ SEY›T÷MER
1123,S›MAV AKDA–
1124,S›MAV «›TG÷L
1125,S›MAV DEM›RC›
1126,S›MAV G‹NEY
1127,S›MAV KUﬁU
1128,S›MAV NAﬁA
1129,TAVﬁANLI BALIK÷Y
1130,TAVﬁANLI KURU«AY
1131,TAVﬁANLI TEPEC›K
1132,TAVﬁANLI TUN«B›LEK
1133,BULANIK ELMAKAYA
1134,BULANIK ERENTEPE
1135,BULANIK R‹STEMGED›K
1136,BULANIK SARIPINAR
1137,BULANIK UZG÷R‹R
1138,BULANIK YONCALI
1139,HASK÷Y D‹ZKIﬁLA
1140,KORKUT ALTINOVA
1141,MALAZG›RT KONAKKURAN
1142,MERKEZ KARAA–A«LI
1143,MERKEZ KIRK÷Y
1144,MERKEZ KIZILA–A«
1145,MERKEZ KONUKBEKLER
1146,MERKEZ SER›NOVA
1147,MERKEZ SUNGU
1148,MERKEZ YAYGIN
1149,MERKEZ YEﬁ›LOVA
1150,MUﬁ ›L MERKEZ›
1151,ACIG÷L KARAPINAR
1152,ACIG÷L TATLAR›N
1153,AVANOS KALABA
1154,AVANOS ÷ZKONAK
1155,AVANOS T‹RKEL›
1156,DER›NKUYU YAZIH‹Y‹K
1157,MERKEZ «AT
1158,MERKEZ G÷RE
1159,MERKEZ G÷REME
1160,MERKEZ KAVAK
1161,MERKEZ KAYMAKLI
1162,MERKEZ NAR
1163,MERKEZ SULUSAYAR
1164,MERKEZ U«H›SAR
1165,NEVﬁEH›R ›L MERKEZ›
1166,‹RG‹P ORTAH›SAR
1167,ALTUNH›SAR KARAKAPI
1168,ALTUNH›SAR KE«›KALES›
1169,BOR BAH«EL›
1170,BOR «UKURKOYU
1171,BOR KEMERH›SAR
1172,«›FTL›K AZATLI
1173,«›FTL›K BOZK÷Y
1174,«›FTL›K D›VARLI
1175,MERKEZ AKTAﬁ
1176,MERKEZ ALAY
1177,MERKEZ BA–LAMA
1178,MERKEZ DE–›RMENL›
1179,MERKEZ D‹NDARLI
1180,MERKEZ ED›KL›
1181,MERKEZ G‹M‹ﬁLER
1182,MERKEZ HACIABDULLAH
1183,MERKEZ KARATLI
1184,MERKEZ K›LEDERE
1185,MERKEZ KONAKLI
1186,MERKEZ ORHANLI
1187,MERKEZ SAZLICA
1188,MERKEZ YEﬁ›LG÷LC‹K
1189,MERKEZ YILDIZTEPE
1190,N›–DE ›L MERKEZ›
1191,D‹Z›«› ATALAN
1192,D‹Z›«› B÷CEKL›
1193,D‹Z›«› ELLEK
1194,D‹Z›«› YARBAﬁI
1195,MERKEZ CEVDET›YE
1196,OSMAN›YE ›L MERKEZ›
1197,SUMBAS MEHMETL›
1198,ARDEﬁEN TUNCA
1199,«AYEL› B‹Y‹KK÷Y
1200,«AYEL› MADENL›
1201,MERKEZ KEND›RL›
1202,MERKEZ MURAD›YE
1203,MERKEZ SALARHA
1204,R›ZE ›L MERKEZ›
1205,BAYKAN VEYSELKARAN›
1206,KURTALAN KAYABA–LAR
1207,MERKEZ G÷K«EBA–
1208,PERVAR› BE–END›K
1209,S››RT ›L MERKEZ›
1210,T›LLO AYDINLAR
1211,S›NOP ›L MERKEZ›
1212,ALTINYAYLA DEL››LYAS
1213,GEMEREK «EPN›
1214,GEMEREK SIZIR
1215,MERKEZ YILDIZ
1216,S›VAS ›L MERKEZ›
1217,ﬁARKIﬁLA CEMEL
1218,ﬁARKIﬁLA G‹R«AYIR
1219,YILDIZEL› G‹NEYKAYA
1220,G‹«L‹KONAK FINDIK
1221,›D›L KARALAR
1222,›D›L SIRTK÷Y
1223,MERKEZ BALVEREN
1224,MERKEZ KASR›K
1225,MERKEZ KUM«ATI
1226,S›LOP› BAﬁVER›ML›
1227,S›LOP› «ALIﬁKAN
1228,S›LOP› G÷R‹ML‹
1229,ﬁIRNAK ›L MERKEZ›
1230,ULUDERE H›LAL
1231,ULUDERE ﬁENOBA
1232,ULUDERE UZUNGE«›T
1233,ALMUS AKAR«AY G÷R‹ML‹
1234,ALMUS ATAK÷Y
1235,ALMUS «EVREL›
1236,ALMUS G÷LGEL›
1237,ALMUS KINIK
1238,BAﬁ«›FTL›K HAT›PL›
1239,ERBAA G÷KAL
1240,ERBAA KARAYAKA
1241,ERBAA TANOBA
1242,MERKEZ «AMLIBEL
1243,MERKEZ «AT
1244,MERKEZ EM›RSEY›T
1245,MERKEZ G‹RYILDIZ
1246,N›KSAR G÷K«EL›
1247,N›KSAR G‹R«EﬁME
1248,N›KSAR SERENL›
1249,N›KSAR YAZICIK
1250,N›KSAR YOLKONAK
1251,PAZAR ‹Z‹M÷REN
1252,REﬁAD›YE BAYDARLI
1253,REﬁAD›YE BEREKETL›
1254,REﬁAD›YE BOZ«ALI
1255,REﬁAD›YE C›M›TEKKE
1256,REﬁAD›YE DEM›RC›L›
1257,REﬁAD›YE HASANﬁEYH
1258,TOKAT ›L MERKEZ›
1259,TURHAL ﬁENYURT
1260,MAZG›RT AKPAZAR
1261,TUNCEL› ›L MERKEZ›
1262,BANAZ KIZILCAS÷–‹T
1263,EﬁME YELE–EN
1264,S›VASLI PINARBAﬁI
1265,S›VASLI SEL«›KLER
1266,S›VASLI TATAR
1267,UﬁAK ›L MERKEZ›
1268,ALTINOVA KAYTAZDERE
1269,ALTINOVA SUBAﬁI
1270,ALTINOVA TAVﬁANLI
1271,«INARCIK ESENK÷Y
1272,«INARCIK KORU
1273,«INARCIK TEﬁV›K›YE
1274,«›FTL›KK÷Y TAﬁK÷PR‹
1275,MERKEZ KADIK÷Y
1276,YALOVA ›L MERKEZ›
1277,AKDA–MADEN› BELEK«AHAN
1278,AKDA–MADEN› OLUK÷Z‹
1279,AKDA–MADEN› UMUTLU
1280,AYDINCIK BAYD›–›N
1281,BO–AZLIYAN OVAKENT
1282,BO–AZLIYAN SIR«ALI
1283,BO–AZLIYAN UZUNLU
1284,BO–AZLIYAN YAMA«LI
1285,BO–AZLIYAN YEN›PAZAR
1286,«AYIRALAN KONUKLAR
1287,«EKEREK ÷Z‹KAVAK
1288,KADIﬁEHR› HALIK÷Y
1289,SARAYKENT DEDEFAKILI
1290,SARAYKENT OZAN
1291,SARIKAYA KARAYAKUP
1292,SORGUN ARAPLI
1293,SORGUN BAHADIN
1294,SORGUN «›–DEML›
1295,SORGUN DO–AKENT
1296,SORGUN EYM›R
1297,SORGUN G‹LﬁEHR›
1298,SORGUN YEN›YER
1299,YOZGAT ›L MERKEZ›
1300,ALAPLI G‹MEL›
1301,«AYCUMA F›LYOS
1302,«AYCUMA KARAPINAR
1303,«AYCUMA NEB›O–LU
1304,«AYCUMA PERﬁEMBE
1305,«AYCUMA SALTUKOVA
1306,DEVREK «AYDE–›RMEN›
1307,ERE–L› G‹L‹«
1308,ERE–L› KAND›LL›
1309,ERE–L› ORMANLI
1310,G÷K«EBEY BAKACAKKADI
1311,K›L›ML› «ATALA–ZI
1312,K›L›ML› GEL›K
1313,K›L›ML› MUSLU
1314,MERKEZ BEYCUMA
1315,MERKEZ ELVANPAZARCIK
1316,MERKEZ KARAMAN
1317,ZONGULDAK ›L MERKEZ›
1318,MERKEZ
1319,MERKEZ
1320,MERKEZ
1321,MERKEZ
1322,MERKEZ
1323,MERKEZ
1324,MERKEZ
1325,MERKEZ
1326,MERKEZ
1327,MERKEZ
1328,MERKEZ
1329,MERKEZ
1330,MERKEZ
1331,MERKEZ
1332,MERKEZ
1333,MERKEZ
1334,MERKEZ
1335,MERKEZ
1336,MERKEZ
1337,MERKEZ
1338,MERKEZ
1339,MERKEZ
1340,MERKEZ
1341,MERKEZ
1342,MERKEZ
1343,MERKEZ
1344,MERKEZ
1345,MERKEZ
1346,MERKEZ
1347,MERKEZ
1348,MERKEZ
1349,MERKEZ
1350,MERKEZ
1351,MERKEZ
1352,MERKEZ
1353,MERKEZ
1354,MERKEZ
1355,MERKEZ
1356,MERKEZ
1357,MERKEZ
1358,MERKEZ
1359,MERKEZ
1360,MERKEZ
1361,MERKEZ
1362,MERKEZ
1363,MERKEZ
1364,MERKEZ
1365,MERKEZ
1366,MERKEZ
1367,MERKEZ
1368,MERKEZ
